,1,2,3,4,5,6,7,8,9,10,11,12,13,14,15,16,17,18,19,20,21,22,23,24,25,26,27,28,29,30,31,32,33,34,35,36,37,38,39,40,41,42,43,44,45,46,47,48,49,50
0,0.0,0.0,0.0,0.0,0.0,0.0,0.0,0.0,0.0,0.0,0.0,0.0,0.0,0.0,0.0,0.0,0.0,0.0,0.0,0.0,0.0,0.0,0.0,0.0,0.0,0.0,0.0,0.0,0.0,0.0,0.0,0.0,0.0,0.0,0.0,0.0,0.0,0.0,0.0,0.0,0.0,0.0,0.0,0.0,0.0,0.0,0.0,0.0,0.0,0.0
1,8.3,8.3,8.3,8.3,8.3,8.3,8.3,8.3,8.3,8.3,8.3,8.3,8.3,8.3,8.3,8.3,8.3,8.3,8.3,8.3,8.3,8.3,8.3,8.3,8.3,8.3,8.3,8.3,8.3,8.3,8.3,8.3,8.3,8.3,8.3,8.3,8.3,8.3,8.3,8.3,8.3,8.3,8.3,8.3,8.3,8.3,8.3,8.3,8.3,8.3
2,5.15,6.533333333333333,7.2250000000000005,7.640000000000001,7.916666666666668,8.114285714285714,8.262500000000001,8.377777777777778,8.47,8.545454545454547,8.608333333333334,8.661538461538463,8.707142857142859,8.746666666666666,8.78125,8.811764705882354,8.838888888888889,8.863157894736842,8.885000000000002,8.904761904761905,8.922727272727274,8.939130434782609,8.954166666666667,8.968,8.980769230769232,8.992592592592594,9.00357142857143,9.013793103448277,9.023333333333333,9.03225806451613,9.040625,9.048484848484849,9.055882352941177,9.062857142857144,9.069444444444445,9.075675675675678,9.081578947368422,9.087179487179487,9.092500000000001,9.097560975609756,9.102380952380953,9.106976744186047,9.111363636363638,9.115555555555556,9.119565217391305,9.12340425531915,9.127083333333333,9.130612244897959,9.134,9.137254901960784
3,20.175,18.855555555555554,18.368750000000002,18.132,17.997222222222224,17.912244897959184,17.8546875,17.81358024691358,17.783000000000005,17.759504132231406,17.740972222222226,17.72603550295858,17.713775510204083,17.703555555555557,17.694921875000002,17.68754325259516,17.681172839506175,17.67562326869806,17.67075,17.666439909297054,17.662603305785126,17.659168241965975,17.65607638888889,17.653280000000002,17.650739644970415,17.648422496570646,17.646301020408167,17.64435196195006,17.642555555555557,17.640894901144645,17.639355468750004,17.63792470156107,17.636591695501732,17.635346938775513,17.634182098765436,17.633089846603365,17.63206371191136,17.631097961867194,17.6301875,17.62932778108269,17.628514739229026,17.627744726879396,17.62701446280992,17.62632098765432,17.625661625708887,17.625033952014487,17.62443576388889,17.62386505622657,17.62332,17.622798923490965
4,11.0875,13.57037037037037,14.7765625,15.505600000000001,15.997685185185187,16.353352769679297,16.622851562500003,16.83429355281207,17.004700000000003,17.145003756574006,17.262557870370372,17.362494310423305,17.44850583090379,17.52331851851852,17.588989257812504,17.647099531854266,17.69888545953361,17.745327307187637,17.787212500000003,17.825180865997194,17.85975770097671,17.89137831840224,17.920406539351855,17.9471488,17.971865043240783,17.99477721891988,18.016075983965017,18.035926032227646,18.05447037037037,18.07183377530127,18.088125610351568,18.103442134847096,18.117868410339916,18.131479883381925,18.14434370713306,18.15651985074922,18.168062035282116,18.179018526947523,18.1894328125,18.199344176666038,18.20878819781881,18.2177971750915,18.22640049774606,18.234624965706445,18.24249506862826,18.2500332296312,18.25726001880787,18.264194340793374,18.2708536,18.27725384655977
5,32.44375000000001,29.74691358024691,28.682421875000003,28.14448,27.83140432098766,27.631445231153684,27.494995117187504,27.39714982472184,27.324230000000004,27.2681852332491,27.224011381172843,27.18845628654459,27.159326842982093,27.135097283950618,27.114677429199222,27.097270147627547,27.082280711781742,27.069257448914605,27.057851875000004,27.047791300949708,27.03885962365959,27.030883608906493,27.02372293354553,27.017262848,27.01140869542383,27.00608176636729,27.001216127394837,26.996756169047384,26.992654691358027,26.98887139545284,26.98537168502808,26.982125706518396,26.979107574741683,26.976294743856727,26.973667493046033,26.971208503431676,26.96890250803785,26.966736000615537,26.964696992187502,26.962774806503454,26.960959907394553,26.959243752414956,26.957618668251833,26.9560777442463,26.954614741049383,26.953224011979472,26.951900435082706,26.950639354246572,26.949436528,26.94828808486252
6,17.221875000000004,20.831275720164605,22.511816406250002,23.515584000000004,24.192836934156382,24.68409591241744,25.058120727539066,25.353022066419413,25.591807000000003,25.789259302953724,25.955343766075107,26.097036572195005,26.21937492562623,26.32609079835391,26.42001008987427,26.503313080120044,26.5777095611272,26.644559688445415,26.70495928125,26.75980123899972,26.809820549856884,26.8556277998236,26.897734477981132,26.93657233408,26.972508360984456,27.005856515761096,27.03688697998788,27.06583354252851,27.092899534979427,27.118262640760815,27.142078819870953,27.164485533593595,27.18560441077869,27.20554346546082,27.22439895157253,27.242256922257848,27.259194547300012,27.275281231368986,27.290579567382814,27.305146152686294,27.319032290551824,27.33228459538205,27.344945516700655,27.35705379437416,27.3686448553744,27.37975116066076,27.390402509351816,27.400626306200724,27.41044779744,27.419890279276977
7,44.81093750000001,40.7875171467764,39.133862304687504,38.27246720000001,37.760697445130326,37.42922506778638,37.200855636596685,37.036019614595034,36.9126263,36.81750845723066,36.74239845223551,36.68187991279539,36.63227671665293,36.591018078463655,36.55625945925713,36.52664760481887,36.501170141064584,36.479056546948286,36.459711317187505,36.4426678466664,36.427555979408844,36.414078765048664,36.401995541398584,36.391109440716804,36.38125803940814,36.37230627443661,36.36414101641689,36.35666686864821,36.349802883813446,36.34347997492982,36.33763885674999,36.332228396211974,36.32720428104991,36.322527937876224,36.318165647362186,36.31408781625088,36.31026837500264,36.30668427671851,36.303315078198246,36.30014258798663,36.29715056934821,36.29432448851269,36.291651300412006,36.289119265610296,36.28671779330104,36.28443730617861,36.28226912374031,36.28020536117622,36.278238841491195,36.276363018899005
8,23.405468750000004,28.191678097850932,30.350396728515626,31.61797376000001,32.46724787094194,33.08219291524547,33.5507486820221,33.92090632408447,34.22136367,34.47046223384605,34.68053191454922,34.86019684258036,35.0156855226063,35.15161687323275,35.271493243053555,35.37802127512364,35.47332735544988,35.55910620237206,35.63672575132813,35.707302711110856,35.77175798034481,35.83085794917699,35.88524572717365,35.93546506308813,35.981978884046285,36.025183819827845,36.065421694402,36.102988700763795,36.138142787686334,36.17110965315789,36.202087642476556,36.231251778144944,36.25875709631315,36.284741425365475,36.309327712713234,36.33262598337924,36.3547349967131,36.37574365423854,36.39573220124329,36.41477325657232,36.432932698649445,36.4502704306403,36.46684104358446,36.48269439304118,36.49787610214232,36.51242800179183,36.52638851699572,36.5397930068665,36.55267406466137,36.56506178323432
9,57.202734375000006,51.89445206523395,49.66279754638673,48.474379008000014,47.756039892451625,47.28473678449612,46.95690509676934,46.718583399186194,46.539227303,46.40042021258731,46.29048758833678,46.201720162381875,46.128850842420135,46.06817574835057,46.017024915362704,45.97343178835166,45.93592028014711,45.90336377066827,45.87488946376172,45.84981210581986,45.827587163056414,45.80777716877799,45.79002715520808,45.774046460564605,45.75959508081373,45.74647330798236,45.73451377674479,45.72357529728919,45.713538028096785,45.70429966434635,45.69577240364916,45.68788051214056,45.68055835818629,45.67374881321218,45.667401942915646,45.661473929774395,45.65592618101012,45.65072458618115,45.645838896212204,45.64124220153396,45.63691049153875,45.632822281090526,45.62895829259391,45.625301184306934,45.62183531731314,45.6185465549452,45.61542208955831,45.612450292440656,45.60962058336814,45.6069233168964
10,29.601367187500003,35.59630137682263,38.24709815979004,39.779503206400015,40.796699910376354,41.529774386710955,42.08729195967317,42.527629688165504,42.8853045727,43.182200193261195,43.43294695597538,43.647741688352504,43.83393292510441,43.996964031793866,44.14096085815253,44.2691122713898,44.38392470902782,44.48739725642257,44.581144990573634,44.66648771982843,44.744515019281124,44.816134683178944,44.88210935707441,44.94308460214202,44.99961065462859,45.05215948176079,45.10113828471819,45.14690028703784,45.18975342716023,45.22996741710937,45.26777951603512,45.30339928449994,45.33701252412199,45.368784561406116,45.39886300005688,45.427380039780495,45.45445443940459,45.48019318653548,45.5046929238069,45.52804117222826,45.55031738459735,45.57159385594888,45.59193651321677,45.61140560243344,45.6300562886759,45.647939181435724,45.66510079602584,45.68158395994187,45.69742817170078,45.71266991852588
11,69.60068359375,63.03086758454842,60.23532361984253,58.723602565120025,57.797249925313636,57.182663760037954,56.75138046471403,56.43567083392489,56.19677411543,56.011091084782905,55.8635347096441,55.744069250786936,55.64579485902553,55.563833096340936,55.494650804518,55.4356350789551,55.3848177807485,55.34069213766348,55.30208774104495,55.268083542693745,55.237946154768345,55.211085349127686,55.18702146719631,55.16536121805634,55.14577947560442,55.12800542688076,55.111811917406826,55.0970071736917,55.08342831292155,55.07093621010585,55.05941140615902,55.04875082133328,55.038865096941926,55.029676431080226,55.02111680561085,55.013126525191836,55.005653006788684,54.99864977149611,54.99207560071172,54.98589382656415,54.98007173258313,54.97458004534543,54.96939250155276,54.96448547793493,54.95983767370468,54.955429837149865,54.951244529441965,54.94726591994306,54.94347960826676,54.939872469143026
12,35.800341796875,43.02057838969894,46.1764927148819,47.978882052096026,49.164374937761366,50.01371179431824,50.65745790662478,51.165040741266566,51.577096703887,51.919173713439,52.20824015050709,52.45606392380333,52.671095226237995,52.859577556584874,53.02623512923563,53.17471536842833,53.3078834595958,53.42802413041803,53.5369833539927,53.636270040660705,53.727130420460696,53.81060337742648,53.887562239396466,53.958746769334084,54.02478795731194,54.086227448107394,54.143532920356584,54.197110374598886,54.24731403582416,54.29445439687663,54.338804799716556,54.38060685705045,54.42007494703187,54.45739996162079,54.49275244989944,54.526285267754226,54.55813582239951,54.58842798248339,54.61727371069393,54.64477446494063,54.67102240561686,54.69610143963972,54.720088126517474,54.74305246731415,54.76505859384154,54.78616537252965,54.80642693507859,54.82589314606667,54.84461001610143,54.862620067787276
13,82.0001708984375,74.18038559313261,70.83236953616142,69.00310564167683,67.87031244813447,67.11175296655848,66.57527566829668,66.18003621445916,65.8793870334983,65.64470337585364,65.45755347129817,65.30559746812615,65.18030271007814,65.07560571947923,64.9870954336584,64.91149681734431,64.84633437850714,64.78970707092235,64.74013418629308,64.6964476577721,64.65771540134884,64.62318583927751,64.59224714608828,64.56439689856072,64.53921918972303,64.51636717225156,64.49554960177242,64.4765203616817,64.45907023463002,64.44302038407416,64.42821714972541,64.41452786138225,64.40183744858976,64.39004567700306,64.37906488184667,64.36881809835546,64.35923751128372,64.35026316241972,64.34184186792659,64.33392630725916,64.32647425310218,64.31944791778763,64.31281339636935,64.30654019026272,64.30060079832325,64.29497036460349,64.28962637393111,64.28454838798368,64.27971781577939,64.27511771351693
14,42.00008544921875,50.45359039542174,54.12427715212107,56.20248451334146,57.55859370677873,58.524359685621555,59.2533662097596,59.82669885729703,60.29144833014848,60.67700306895785,61.00275734868998,61.28208997057799,61.52456680221542,61.73723200484728,61.92540196905475,62.09317347514759,62.24376024636785,62.37972248824222,62.50312747697842,62.61566443597342,62.718728337651164,62.81348210713501,62.900903515001275,62.981821022618284,63.056941528579834,63.1268720917978,63.19213711599484,63.25319207334785,63.310434560142355,63.364213274910476,63.41483536379649,63.4625724716434,63.507665758925356,63.55033008623154,63.5907575240176,63.629120311913425,63.665573366249944,63.70025641466537,63.733295821228424,63.76480615342357,63.79489153279022,63.82364680342047,63.85115854645186,63.87750596381244,63.90276165053361,63.92699227173958,63.950259157807544,63.97261882904523,63.9941234594638,64.01482128776169
15,94.40004272460938,85.33572693028114,81.4432078640908,79.30198761067318,77.96549475564895,77.0637368733899,76.42169543353965,75.94595453981958,75.58230349713364,75.29727551723441,75.06919423629915,74.88346766514893,74.72995488777146,74.60141653785746,74.49256434598882,74.3994573883742,74.31910689934742,74.24921077833473,74.1879711031295,74.1339661294985,74.08605886775794,74.04333071117263,74.00503253520955,73.97054818171355,73.93936685440369,73.9110620143238,73.88527507613787,73.86170269150827,73.84008674147094,73.82020639507466,73.80187175867786,73.78491876038147,73.7692050013099,73.75460636948206,73.74101425946155,73.7283332764563,73.716479330296,73.70537804505857,73.69496342569771,73.68517673504739,73.67596554391426,73.66728292427116,73.65908676130523,73.6513391646166,73.64400596247854,73.63705626595788,73.6304620920199,73.62419803661574,73.61824099027453,73.61256988996244
16,48.20002136230469,57.89048462018742,62.082405898068096,64.44159008853855,65.97124562970745,67.05463160576276,67.8689835043472,68.5075151465063,69.02407314742028,69.45206865203129,69.81342804994088,70.12320092167593,70.39210096721635,70.62798876866697,70.83677907436453,71.02301871846984,71.19026762716145,71.341357579475,71.47857254797302,71.60377726618904,71.71851073740531,71.82405546286078,71.92148951290916,72.01172625444501,72.09554505231124,72.17361527305255,72.24651525199009,72.31474742628384,72.37875051675525,72.43890941458838,72.49556326621918,72.549012131279,72.59952250127137,72.64733190178258,72.69265275225429,72.73567562033585,72.77657197949874,72.81549655672373,72.85258934005526,72.88797730248525,72.92177588810678,72.95409029812532,72.98501660763921,73.01464273873623,73.04304931112031,73.07031038795877,73.09649413176948,73.12166338280726,73.14587617046904,73.16918616662984
17,106.80001068115234,96.49365641345825,92.06180442355108,89.61327207083085,88.07603802475622,87.03254137636807,86.2853605663038,85.72890235245004,85.30166583267825,84.96551695639208,84.69564237911247,84.47526238923932,84.29266518384375,84.13945618408917,84.00948038221674,83.8981352644422,83.80191942565247,83.71812823318683,83.64464392057437,83.57978787256098,83.52221479479597,83.4708356601277,83.42476078320462,83.38325720426721,83.34571639645311,83.31162952219874,83.28056827870472,83.25216992882578,83.22612549953007,83.20217040121456,83.18007691414982,83.15964812730084,83.14071301593985,83.1231224188745,83.10674573135833,83.09146817113759,83.07718850635403,83.06381715783337,83.05127460655387,83.03949005120512,83.02840027172329,83.0179486632852,83.00808441201104,82.99876178898653,82.98993954348727,82.98158037970433,82.97365050402428,82.96611923213771,82.95895864705966,82.9521433006175
18,54.40000534057617,65.32910427563883,70.04635331766332,72.69061765666468,74.39669835396352,75.59932117974405,76.49969049551582,77.20346875773336,77.77149924941043,78.24137905126553,78.6376721808531,78.97716528237476,79.27176052785491,79.53015910514989,79.7588878583282,79.96295083712208,80.14625723533844,80.31191095775594,80.46241172454565,80.5997979738676,80.72575048594162,80.84166889229607,80.94872908390442,81.04792691609651,81.14011191966645,81.22601361396916,81.30626226875098,81.38140544852145,81.4519213162124,81.51822942053022,81.58069951058263,81.6396587901099,81.69539792723573,81.74817606404952,81.79822501659838,81.8457528151609,81.89094670355524,81.9339756922479,81.97499274139003,82.01413663532206,82.05153359858701,82.08729869437158,82.12153703901079,82.15434486034238,82.18581042297667,82.21601483971061,82.24503278519043,82.27293312535939,82.29977947411847,82.32563068687989
19,119.20000267028809,107.65273618375919,102.68476498824748,99.93249412533176,98.19724862830293,97.01370386835202,96.16222918357634,95.52530556242965,95.03434932446939,94.6467082284232,94.33453283244867,94.07892179911516,93.86663477586526,93.6881484981399,93.53645736718268,93.40630667023254,93.29368738893075,93.19549459155826,93.10929113831835,93.03314092749294,92.965489100217,92.90507459263102,92.85086537207508,92.80200983945265,92.7577999227562,92.71764273937771,92.6810386162956,92.64756388133105,92.61685727233865,92.58860911664215,92.56255265087692,92.53845700859142,92.51612151761115,92.4953710336481,92.47605209947065,92.4580297661025,92.44118494819853,92.42541221295949,92.41061792285527,92.39671866860688,92.3836399414778,92.3713150038048,92.35968392448781,92.34869275233477,92.33829280508587,92.32844005588697,92.31909460216563,92.31022020443368,92.3017838846361,92.29375557537244
20,60.60000133514404,72.76849078917279,78.01357374118561,80.94599530026541,82.83104052358578,84.1546033157303,85.1419505356293,85.91138272215969,86.53091439202245,87.04246202583927,87.47332176307795,87.84208166072169,88.16187514901775,88.44227193159723,88.69042878173376,88.9118180425718,89.11070475621237,89.2904685604236,89.45382658140244,89.60299135951708,89.73978505020713,89.8657235233862,89.98207931490529,90.08992944587455,90.19019223341944,90.2836559712526,90.37100152285647,90.4528202992162,90.52962869659403,90.60187979029885,90.66997288053702,90.7342613416644,90.79505912003435,90.85264614697243,90.90727287448536,90.95916409674838,91.00852218640384,91.05552984852463,91.10035247478389,91.14314016449451,91.1840294666807,91.22314488743724,91.26060019893127,91.29649958006065,91.33093861367097,91.36400516108087,91.39578013128718,91.42633815944524,91.45574820694337,91.48407409350239
21,131.60000066757203,118.81232719278182,113.3101803058892,110.25679624021234,108.32586710298816,107.00394569919737,106.04920671867563,105.33234019747528,104.7778229528202,104.33860184167206,103.98387828282145,103.6926907637431,103.45031263837362,103.24612046949075,103.0722769828754,102.92288756947933,102.79344338086723,102.68044389934867,102.58113525233232,102.49332510430197,102.4152493661068,102.34547467454331,102.28282601011757,102.22633226803956,102.17518483982639,102.1287057500951,102.08632289704016,102.04755063372599,102.01197440670757,101.97923850674083,101.94903622802023,101.92110190706852,101.89520444003334,101.87114197134464,101.84873751686077,101.8278353373768,101.80829791834057,101.7900034421522,101.77284366291428,101.75672211170196,101.74155257461688,101.72725779703173,101.71376837622829,101.70102181161486,101.6889616872868,101.67753696616425,101.66670137855203,101.65641289088512,101.6466332428045,101.63732754264939
22,66.80000033378602,80.20821812852121,85.9826352294169,89.20543699216988,91.2715559191568,92.71766774216917,93.79305587884119,94.62874684220024,95.30004065753819,95.85327440152005,96.31855509258632,96.71632993576287,97.0610045927755,97.3630457715247,97.63025967144569,97.86860006539231,98.0826965263746,98.27621000990926,98.4520784897157,98.61269057552569,98.7600107585565,98.89567142782404,99.02104159302935,99.13727897731798,99.24537003829461,99.34616109268416,99.44038279357444,99.52866957739062,99.61157525981731,99.68958565168468,99.7631288458946,99.83258366746038,99.8982866623853,99.96053791502051,100.01960591917019,100.07573167960986,100.1291321836474,100.18000335389188,100.22852257134143,100.27485084068483,100.31913465617362,100.3615076157054,100.4020918222231,100.44099910469009,100.47833208538927,100.51418511582033,100.5486450998322,100.58179221964257,100.6137005779484,100.64443876730331
23,144.00000016689302,129.9721454190141,123.93697642206267,120.58434959373592,118.45962993263066,117.00085806471641,115.94392389398604,115.14777497084465,114.53003659178438,114.03934036501822,113.6420088348708,113.31507378685804,113.04236140757725,112.81217605342304,112.61586844198033,112.44691770860453,112.30032449713157,112.17219895675613,112.05947456522992,111.95970531002446,111.8709193604403,111.79151180052735,111.72016485998647,111.65578781822525,111.59747119066789,111.54445142258474,111.49608340808965,111.45181890230818,111.4111894178234,111.37379256614646,111.33928106946038,111.30735385935552,111.27774881937397,111.2502368317342,111.2246168658599,111.20071190448526,111.17836554723563,111.15743916533054,111.1378095070579,111.11936667383885,111.10201240245519,111.08565860138667,111.07022609899076,111.05564356903031,111.04184660527211,111.0287769218667,111.01638166025236,111.00461278658864,110.99342656638943,110.98278310519932
24,73.00000008344651,87.6480969460094,93.952732316547,97.46747967498874,99.71635827719223,101.28644976975691,102.45093340723778,103.3535777518619,104.07703293260595,104.67212760456201,105.17184143196489,105.59852964940742,105.96790702132174,106.29136431652817,106.57737666435655,106.83239313751014,107.06141758062425,107.2683990116637,107.45650083696842,107.62829077145186,107.78587757132938,107.93101128746095,108.06515799082037,108.18955630549624,108.30526076025758,108.41317544397049,108.51408042922931,108.60865273326307,108.69748310389595,108.78108958014174,108.85992853603975,108.93440374240535,109.00487385409826,109.0716586365418,109.13504417514157,109.19528725841809,109.25261908546628,109.30724841750155,109.35936426938144,109.40913821837937,109.45672639287292,109.50227119205209,109.54590277855915,109.5877403786074,109.62789341820098,109.66646251927378,109.70354037566376,109.73921252563785,109.77355803506164,109.80665010313658
25,156.40000004172327,141.1320646306729,134.56454923741023,130.913983739991,128.59696523099353,127.00267123122018,125.84456673133306,124.9698468905439,124.28932963934535,123.74738873142,123.30752131263448,122.94479659945301,122.64162794837019,122.38527336209296,122.16629062283425,121.97754648236248,121.81356104836735,121.67006222157613,121.54367579512,121.43170549662081,121.33197404535986,121.2427064488757,121.16244307453618,121.08997405327638,121.02428919255537,120.96453931641602,120.9100061281854,120.86007850108159,120.81423366709942,120.77202217433071,120.7330557692885,120.69699756839307,120.66355403486007,120.63246838978345,120.60351517027652,120.57649571089327,120.55123437269084,120.52757538115536,120.5053801626469,120.48452509110182,120.464899573995,120.44640442014389,120.4289504426828,120.4124572590828,120.39685225693574,120.38206969971476,120.36804995117076,120.35473880062483,120.3420868743604,120.33004912072212
26,79.20000002086164,95.08804308711525,101.92341192805767,105.73118699199281,108.16413769249462,109.859432483903,111.11399588991642,112.08430834715013,112.86039667541083,113.49762611947273,114.0318945365816,114.48750455334125,114.88151166634374,115.22625513795343,115.5308974589071,115.80239668928233,116.04614099012471,116.26637473623,116.46649200536399,116.64924333011506,116.81688431602532,116.97128442935936,117.11400794643052,117.24637509114532,117.36950883899556,117.48437119358579,117.59179162360735,117.69248958725119,117.78709254486277,117.87615049128779,117.96014777649823,118.03951279359329,118.11462597501125,118.18582643578964,118.25341752665773,118.31767150249075,118.37883346814635,118.4371247303565,118.49274565858073,118.54587813766031,118.59668767937606,118.6453252475824,118.69192884171274,118.73662487554762,118.77952938178497,118.82074906780593,118.8603822438547,118.89851964142841,118.93524513687319,118.97063639286482
27,168.80000001043084,152.29202872474343,145.19255894604325,141.24494959359427,138.7367814104122,137.00808498620253,135.74974640367685,134.79716297524453,134.05435700786975,133.46147829042974,132.97923665853313,132.58077343385347,132.2471179758906,131.9645047954232,131.7227163677254,131.51402041344218,131.33246649067334,131.17340764484948,131.03316740509578,130.90880317153812,130.79793502893327,130.69861988895244,130.60925761532926,130.52852008749952,130.45529696057264,130.3886537419715,130.32779906562138,130.27205891182874,130.22085612670068,130.1736940238269,130.13014315848267,130.08983058772682,130.05243109339327,130.01765996619565,129.98526703980613,129.95503173215317,129.92675890319512,129.90027537829607,129.8754270171162,129.85207623186372,129.83009987748616,129.809387451127,129.78983954985563,129.77136654497988,129.7538874387027,129.7373288748739,129.72162428044106,129.70671311813393,129.69254023413572,129.67905528712237
28,85.40000000521542,102.52801914982895,109.89441920953243,113.99595967487542,116.61398450867684,118.43550141674503,119.78102810321724,120.81970042243958,121.64892130708279,122.3286166276634,122.89763360365536,123.38225240048013,123.80089526332699,124.166871142395,124.49004659474258,124.77790156559264,125.0362183523026,125.26954408459423,125.48150903484098,125.67505063956011,125.85257434579994,126.01607119812842,126.16720521469054,126.30737928399952,126.43778553901215,126.55944434412069,126.67323481327776,126.7799189493519,126.88016092247733,126.97454260370345,127.06357618478009,127.14771450931086,127.2273595906464,127.3028696814472,127.37456517758929,127.44273357723011,127.50763366890051,127.5694990865449,127.6285413416883,127.68495242133045,127.7389070232603,127.79056448714731,127.84007046917709,127.88755839953588,127.93315075525264,127.9769601754085,128.0190904412652,128.05963734021282,128.098689429453,128.13632871286507
29,181.20000000260774,163.45201276655257,155.82081440714933,151.57676773990036,148.87832042389738,147.0161440714957,145.6583995903151,144.62862259772407,143.82402917637452,143.1805605706031,142.65616413668408,142.22207913890475,141.85797417308936,141.54907973290202,141.2844186825712,141.05567206173424,140.85642844384134,140.6816733432998,140.5274335830989,140.39052441862867,140.26836642099084,140.15885071125328,140.0602383307451,139.97108411263955,139.8901784028963,139.81650196100512,139.74919071280357,139.68750795109838,139.63082222506142,139.57858961648722,139.53033942900572,139.48566255448327,139.4442019556274,139.40564483340586,139.36971614487848,139.33617321027796,139.30480120392943,139.27540936637706,139.2478278081461,139.22190480129802,139.19750447508744,139.17450484791132,139.15279614033216,139.13227932399064,139.1128648692689,139.0944716610381,139.0770260570722,139.0604610679636,139.04471564086396,139.02973403222066
30,91.60000000130387,109.96800851103504,117.865610805362,122.2614141919203,125.06526701991449,127.01383777556772,128.45109964152573,129.55877564242138,130.44162625873707,131.16414597327554,131.76815045862708,132.28191920514286,132.72526173215442,133.1124744173752,133.45414251491047,133.75827958751458,134.03107130807237,134.277374746284,134.50106190394396,134.7052613510749,134.89253158367308,135.06498763685096,135.22439506696406,135.37224074813395,135.50978692586185,135.6381129994864,135.7581481873463,135.870697332095,135.97646148422604,136.07605446756827,136.1700163218493,136.25882429525652,136.34290189810895,136.42262640959427,136.49833514085407,136.57033069108127,136.6388853827734,136.70424502364943,136.76663211294243,136.8262485866322,136.88327817806154,136.93788845609942,136.99023259168825,137.04045089456864,137.08867215471957,137.13501481718623,137.17958801421653,137.22249247473982,137.26382132804667,137.3036608159026
31,193.60000000065196,174.6120056740233,166.4492081040215,161.90913135353628,159.02105584992876,157.02614666477228,155.56971218633504,154.46335612659678,153.5974636328634,152.90376906661413,152.33747125374148,151.86792542013188,151.47345732271484,151.1383094562169,150.85075860772858,150.60191020001372,150.38490067984614,150.19435502279538,150.02600880874678,149.8764393819761,149.7428710571425,149.62303165264007,149.51504527250725,149.4173511182086,149.32864127486718,149.24781251802395,149.1739286092268,149.10619052754,149.0439127680852,148.98650432345318,148.9334533117915,148.88431446812754,148.83869890110574,148.79626565503446,148.7567147202748,148.71978121294396,148.68523050427936,148.65285412560715,148.62246631011888,148.59390106012899,148.56700965001247,148.5416584920041,148.51772730551355,148.49510754135602,148.47370102092134,148.4534187572461,148.43417993058702,148.41591099566352,148.39854490148576,148.38202040774763
32,97.80000000032598,117.40800378268219,125.83690607801611,130.52730508282903,133.51754654160732,135.59383999837624,137.12349816304317,138.30076100141935,139.23771726957705,140.00342642419466,140.64268198259634,141.18577731089098,141.65392465680665,142.06242215913576,142.42258619474555,142.74297430589527,143.03018397541024,143.28938896896403,143.52470836830943,143.73946607807247,143.93637691818148,144.11768245035137,144.28525171948613,144.44065707348022,144.5852319950646,144.72011575809714,144.8462883017544,144.9645977507283,145.07578234248234,145.18048805495468,145.27928289579802,145.372668575154,145.46109010989676,145.54494377917632,145.62458375582273,145.70032766664818,145.77246128048253,145.8412424813608,145.9069046523659,145.96965957085754,146.02969989644075,146.08720131777145,146.14232441220642,146.19521626265922,146.2460118682926,146.29483537943236,146.34180118203312,146.38701485289488,146.43057400345606,146.47256902720355
33,206.00000000016303,185.77200252178804,177.0776795585121,172.24184406626327,169.16462211800612,167.0375771414653,165.4830608926628,164.30067644570607,163.37394554261937,162.63038765835879,162.02245848404664,161.51764059466862,161.09293003846335,160.7315940151934,160.42117455757398,160.15221111143086,159.91739597677633,159.71100007586068,159.52847294989397,159.36615816959284,159.22108705826415,159.09082669164044,158.97336623117423,158.86703079054104,158.7704153798698,158.68233369298244,158.60177800526318,158.52788748346183,158.45992293106627,158.39724650479485,158.33930530530435,158.28561801227056,158.2357639301939,158.18937395691415,158.14612309593878,158.10572421619824,158.067922825733,158.03249267414645,157.99923203605678,157.9679605569342,157.9385165655731,157.9107547754977,157.884544311929,157.85976701237792,157.83631595811235,157.81409420114656,157.79301365740744,157.77299414161132,157.75396252338695,157.73585198745448
34,104.00000000008151,124.84800168119202,133.8082596688841,138.79347525301063,141.97051843167176,144.17506612125598,145.79767828107995,147.0450457295165,148.03655098835745,148.84580696214434,149.52058694370942,150.09320670277106,150.5862921785731,151.0161544141805,151.3948511477256,151.73149281075845,152.03309620028875,152.30515796660484,152.55204930239927,152.7772934948503,152.98376491925214,153.1738342267865,153.34947597154198,153.5123495589194,153.6638609421825,153.80521022287198,153.9374287907895,154.06140860472178,154.17792550003074,154.287657907866,154.3912020145136,154.48908413311085,154.5817708734235,154.66967755814517,154.7531752321627,154.83259653467937,154.90824064610845,154.98037747737345,155.04925123515537,155.1150834701797,155.17807569496424,155.2384116411838,155.29625921393063,155.35177218988062,155.4050916981534,155.45634751601577,155.50565920621145,155.55313711831312,155.5988832729192,155.6429921445632
35,218.4000000000408,196.9320011207946,187.70619475166308,182.57478020240856,179.30876535972652,177.05005667536224,175.39796849594498,174.1400406484591,173.15289588952174,172.3598245110403,171.71053803173365,171.17065234101946,170.71584273724648,170.3284107865685,169.99517295099275,169.70611088071385,169.45347974471716,169.23120228415195,169.03444683727932,168.85932713795268,168.7026846956498,168.56192839083928,168.43491447272774,168.31985557656262,168.21525090594474,168.11983206646931,168.0325206196899,167.9523945149038,167.8786613166964,167.81063668503162,167.74772695156005,167.689414916956,167.63524820067576,167.58482962791246,167.53780925349153,167.49387770941777,167.45276062910563,167.4142139523126,167.37801995427648,167.34398387334608,167.31193103556035,167.28170439371442,167.25316241361404,167.22617725232772,167.20063318297616,167.17642522844096,167.15345797274873,167.13164452406184,167.11090560746084,167.09116876917963
36,110.2000000000204,132.2880007471964,141.7796460637473,147.05982416192685,150.42397113310545,152.75719143602478,154.47322243395186,155.79114724307473,156.83760630056958,157.69074955549118,158.40132652908918,159.00367908401796,159.5218539703003,159.97318340079727,160.37047464155572,160.72339847596598,161.0393975366773,161.32429690077552,161.58272449541533,161.81840679805015,162.03438084584755,162.2331488955854,162.41679303636408,162.5870613535001,162.7454335634084,162.89317161956302,163.03135916898668,163.16093263507955,163.28270593947317,163.39739034035318,163.5056104843238,163.60791749523005,163.7047997241853,163.79669163854354,163.88398121867232,163.9670161497038,164.04610903360285,164.1215417996892,164.19356945541958,164.26242329106933,164.32831362995177,164.39143219851175,164.451954176941,164.51003998005376,164.5658368094332,164.61948001081456,164.6710942649831,164.72079463581568,164.7686874953116,164.81487134233296
37,230.80000000001024,208.09200049813086,198.3347345478105,192.90785932954154,189.45330927758792,187.06330694516407,185.3140696297079,183.981019771622,182.93384567051265,182.09159050499198,181.40121598499843,180.826473000632,180.3417215438503,179.92830450741081,179.5723199764585,179.26319856561506,178.99276434019527,178.75459706389262,178.54358827064456,178.35562552195253,178.18736353467267,178.03605546534257,177.89942665984893,177.7755788993601,177.66291688789272,177.56009118920883,177.46595348438004,177.37952116490442,177.29994907482407,177.22650678098697,177.15856015668868,177.09555635901097,177.0370114970034,176.98250044887087,176.93164840704253,176.88412382133345,176.839632480087,176.7979125227741,176.7587302190341,176.72187638153105,176.68716330542912,176.65442214738357,176.62350067291962,176.59426131383034,176.566579487489,176.54034213824406,176.51544646779598,176.4917988269215,176.4693137454054,176.4479130807186
38,116.40000000000512,139.72800033208722,149.75105091085788,155.32628746363324,158.87775773132327,161.33997738156918,163.14981092599442,164.53868424144176,165.6404611034614,166.53780954999272,167.28444798624855,167.9167443082757,168.46017000500385,168.93308420691676,169.34904997792984,169.71830453234358,170.0487218768511,170.3464603763193,170.61640885711233,170.86250049709764,171.08793791946027,171.29535740163203,171.48695054902188,171.6645557433857,171.82972777681994,171.98379151553442,172.12788371708075,172.26298595232151,172.38995077232994,172.5095226912777,172.62235515179216,172.72902434813184,172.83004057062092,172.92585757890313,173.0168803957358,173.1034718261623,173.18595794113736,173.26463271449785,173.33976196355826,173.41158671368882,173.4803260838713,173.54617977186302,173.60933020308053,173.66994439574523,173.72817558558708,173.784164645941,173.83804133305023,173.88992538147411,173.93992747049728,173.98815007913586
39,243.2000000000026,219.2520002213914,208.96328818314345,203.24102997090665,199.59813144276944,197.07712346991642,195.23108456024514,193.82327488128155,192.7164149931153,191.8252814090843,191.09407732072785,190.48468705379298,189.97015786178932,189.53087859312234,189.15223435430923,188.8231101480881,188.5349039948038,188.2808571986183,188.05558841425673,187.85476237818824,187.6748498322121,187.51295055808282,187.36666094281267,187.23397351365028,187.1131997854038,187.0029103482924,186.90188787004217,186.8090898850001,186.72361907991896,186.64469937865587,186.57165655329868,186.50390239818847,186.44092173030856,186.38226164807733,186.32752260696537,186.27635096599576,186.2284327321601,186.183488285921,186.14126791446932,186.10154801335494,186.06412784377912,186.02882675391274,185.99548178937417,185.96394563139535,185.9340848119874,185.90577816411246,185.87891547194502,185.8533962920563,185.82912892108735,185.8060294893489
40,122.6000000000013,147.16800014759426,157.72246613735757,163.59282397672533,167.33177620230788,169.92324868849977,171.8271989902145,173.28735545002803,174.44477349380378,175.3866194628039,176.16957087733385,176.83201881888584,177.4008608716615,177.89548668691418,178.3302197071649,178.71586837467115,179.06074266175915,179.371338398691,179.65280899354389,179.9092975030364,180.14417483983883,180.3602135772966,180.55971673686216,180.74461457310426,180.91653825519597,181.07687663168898,181.2268204461121,181.36739713034493,181.49949844392165,181.6239026245057,181.7412922860081,181.85226899218276,181.9573652088289,182.057054172418,182.15175809010523,182.24185499394184,182.3276845023664,182.40955268884608,182.4877362166076,182.56248586668775,182.63402956178436,182.70257496893802,182.76831174870657,182.83141350625323,182.89203948998767,182.95033607551431,183.0064380662795,183.06046983711636,183.1125463426656,183.1627740091656
41,255.6000000000007,230.4120000983961,219.5918496030182,213.57425918138034,209.74314683525662,207.09135601871407,205.14879911643771,203.6665381778027,202.50029614442343,201.56056314800355,200.7887733042227,200.14494044820236,199.60079938082856,199.13578757445325,198.7345809754671,198.3855231761611,198.07959029166145,197.80968900928622,197.5701685438667,197.35647381241563,197.16489416530072,196.99237820437068,196.83639520615958,196.6948299901801,196.56590216845768,196.4481034231079,196.3401482873224,196.24093516033307,196.14951516245762,196.06506705597326,195.98687690207038,195.91432144696512,195.84685446739275,195.78399548177748,195.7253203653801,195.6704535076191,195.61906122598836,195.5708462096449,195.52554281119242,195.48291304067098,195.44274314364665,195.40484066733484,195.36903193623598,195.33515987278093,195.30308210977057,195.27266935050338,195.24380393989867,195.21637861595073,195.1902954158123,195.16546471486822
42,128.80000000000035,154.6080000655974,165.69388720226365,171.85940734510427,175.78595569604718,178.50687658746918,180.505199226883,182.03692282471349,183.2502665299811,184.23687558909413,185.0563755288708,185.74917579834064,186.3435994250551,186.86006840282303,187.31366966450042,187.71578651873983,188.07516860879136,188.39865274563957,188.69166011667338,188.95854648801486,189.20285352142344,189.427492195485,189.63487873923629,189.8270367905729,190.00567516197856,190.17224774077056,190.32800013420373,190.4740063617009,190.6111979903757,190.7403874735225,190.86228699888068,190.97752382736013,191.0866528654106,191.19016703944098,191.2885059107862,191.38206287227806,191.4711911937255,191.55620912734634,191.63740424091262,191.71503711284973,191.78934449736934,191.86054204716424,191.9288266649579,191.9943785422747,192.0573629334712,192.11793170474797,192.17622469115076,192.2323708890946,192.28648950749604,192.33869089692962
43,268.0000000000002,241.57200004373152,230.22041540169778,223.9075258760835,219.8882964133727,217.1058942178307,215.06704932352267,213.51059806641197,212.28523987698304,211.29715962644923,210.4850109014649,209.80693150616065,209.23334232326548,208.7427305093015,208.31906531046917,207.9501520176375,207.62654813052518,207.3408289169217,207.08707711083972,206.86052046477607,206.65726927044966,206.47412296959436,206.30842545843478,206.15795531894997,206.02084150190248,205.89549782444573,205.7805715579822,205.67490269405607,205.57749139069654,205.4874717485702,205.40409053016566,205.3266897719856,205.25469248701617,205.18759083831412,205.12493630215326,205.0663314432976,205.01142300441694,204.959896072799,204.9114691348898,204.86588986619486,204.8229315331463,204.78238990653253,204.7440806043907,204.70783679689083,204.6735072175262,204.6409544344342,204.61005334341846,204.58068985054166,204.55275971734613,204.52616754600945
44,135.0000000000001,162.04800002915434,173.66531155127333,180.1260207008668,184.24024701114394,187.0907664724263,189.18366815808233,190.7871982812551,192.05671588928473,193.08832693313565,193.9445933263428,194.66793677491754,195.2881035858894,195.8265484753481,196.29912372856484,196.71779013424705,197.09173990105154,197.42815371076793,197.7327232552977,198.01001949026292,198.26375703088377,198.49698718830766,198.71224106433334,198.91163710619196,199.09696298259854,199.26973864576254,199.43126543091142,199.5826646701231,199.72490834433998,199.85884362764858,199.985212701098,200.10466886980421,200.2177897668098,200.32508824293373,200.42702140487123,200.52399816104634,200.6163855569323,200.70451412221442,200.78868240651755,200.86916084506817,200.94619506807138,201.02000874591548,201.0908060452,201.15877375695993,201.22408314758,201.28689157412708,201.3473438987639,201.40557373114285,201.4617045229992,201.51585053530337
45,280.4000000000001,252.73200001943616,240.84898366345504,234.24081656069353,230.03353917595334,227.12065697636538,224.98570963832208,223.35528736111561,222.0710443003563,221.03484266648695,220.1825438824809,219.47040317684701,218.86752475832589,218.35144524365825,217.90542849552955,217.51674365576196,217.17553212877093,216.8740403575696,216.60608709253285,216.36668522882184,216.15176807493452,215.9579877453378,215.7825643533195,215.6231716219443,215.47784902172938,215.3449335107343,215.22300595123605,215.11084864701544,215.00741139952868,214.91178415578898,214.8231748041887,214.74089102526472,214.66432536190365,214.5929428645642,214.5262708102915,214.4638901026397,214.4054280422762,214.35055222164482,214.29896534635463,214.25040082445676,214.20461899502206,214.16140389135933,214.12056045326366,214.08191211791637,214.04529873132827,214.01057473212438,213.97760756753968,213.94627630805832,213.91647043253926,213.88808876010137
46,141.20000000000005,169.48800001295743,181.63673774759127,188.39265324855484,192.69461597996113,195.6748488368846,197.86249593353182,199.53803320988052,200.86393987032068,201.94076606044268,202.8339985589408,203.5880644709357,204.2341301327312,204.79468222741437,205.28633921455895,205.72164108777596,206.11022478828366,206.45961718085542,206.77578273790618,207.06350974173506,207.32668770789206,207.56851001727964,207.79162417193118,207.99824475706652,208.19023944397057,208.36919523255895,208.53647002440619,208.69323317642872,208.84049768621105,208.97914595721514,209.1099505915578,209.2335912972264,209.35066873361237,209.46171592557667,209.56720773222784,209.66756874851433,209.76317993590052,209.8543842159616,209.94149121269575,210.02478129215294,210.1045090189501,210.18090612644397,210.25418407932585,210.32453629307378,210.39214006325594,210.45715824846215,210.51974074321592,210.58002577115917,210.63814102388847,210.69420466676604
47,292.80000000000007,263.8920000086382,251.4775533106935,244.57412259884396,240.17884664996768,237.1355847173296,234.90468394184037,233.20047396433824,231.85754588328865,230.77342369131154,229.88116534569573,229.13513643470992,228.50312083753616,227.96170341225343,227.49344301364903,227.08507396496563,226.7263234111568,226.409111013442,226.1269936010109,225.87477118260483,225.6482019029879,225.4437921904414,225.25863983143407,225.09031496678386,224.93676869612557,224.79626207579753,224.6673103806774,224.5486389289657,224.43914776333736,224.33788318440176,224.24401463557163,224.15681580337107,224.07564906497672,223.99995261341735,223.92922973966597,223.86303986341937,223.80099099021896,223.74273333862928,223.68795393237838,223.63637199234435,223.58773499468938,223.5418152862941,223.4984071684321,223.45732437544993,223.41839788796779,223.38147403040978,223.3464128110656,223.31308646970695,223.28137820341072,223.25118104584908
48,147.40000000000003,176.9280000057588,189.60816498302012,196.65929807907517,201.1490388749731,204.25907261485395,206.54159844911032,208.28931019052288,209.6717912949598,210.79402153755592,211.72440156688774,212.50935670896303,213.1814693491407,213.7642565181032,214.27510282529596,214.7271284376147,215.13041655498142,215.4928420127345,215.82064392096035,216.11882969771887,216.3914654528521,216.64188818216135,216.87286317179098,217.0867023681125,217.28535451550536,217.47047459150872,217.6434778670818,217.80558241417378,217.95784283789277,218.1011772752275,218.23638917821,218.36418502145074,218.48518879835976,218.59995396731972,218.7089733580086,218.8126874346783,218.91149122731846,219.00574017610032,219.0957550840689,219.18182633399448,219.26421749481582,219.34316841917098,219.4188979146041,219.49160605599548,219.5614761947511,219.62867671061383,219.6933625441684,219.75567654175373,219.8157506393425,219.87370690769518
49,305.20000000000005,275.0520000038391,262.10612373726514,254.90743846326023,250.32419906247765,247.1506336698748,244.82389864297159,243.046053502687,241.64461216546388,240.51274685232357,239.58070143631375,238.80094465442747,238.13993582420213,237.573306083563,237.08290889871498,236.6549444118727,236.27872674637138,235.94585032785375,235.64961172491235,235.38459971211321,235.14639884135883,234.9313713046761,234.73649387296638,234.559234273388,234.39745626490904,234.24934590293432,234.1133536575432,233.98814853782298,233.87258140996303,233.76565542763956,233.66650201639095,233.57436123292194,233.488565598408,233.4085267111106,233.33372409806393,233.26369588238973,233.19803093186275,233.13636222286698,233.0783612069672,233.0237330087751,232.97221231636783,232.9235598512833,232.87755932563584,232.8340148103067,232.79274845138696,232.75359848272845,232.7164174911649,232.68107089804448,232.64743562655565,232.61539892911293
50,153.60000000000002,184.3680000025594,197.57959280294887,204.9259507706082,209.60349921873137,212.8434002884641,215.22091131260015,217.04093644683286,218.4801509489175,219.6479516839305,220.6156429832876,221.43164121947152,222.1299404081877,222.73508567799215,223.2652270925453,223.73406532882134,224.1521308160174,224.52764767901934,224.8671311386667,225.1758092496316,225.45792616675163,225.71696385664671,225.95580662825947,226.17686490245248,226.38216948548947,226.57344420282564,226.75216245548808,226.91959169169115,227.0768286962976,227.22482783319958,227.36442382837873,227.49635028646978,227.62125484551365,227.7397116622217,227.8522317620066,227.95927166935218,228.06124064418216,228.158506781255,228.25140217679302,228.34022732563426,228.42525488026382,228.50673287799762,228.5848875227805,228.65992559229989,228.73203652853073,228.80139425969168,228.8681587934323,228.9324776144109,228.99448691402452,229.0543126756009
